{
  "author": "",
  "name": "cumulocity-asset-overview-widget",
  "version": "1018.486.5",
  "description": "Custom widget with module federation",
  "license": "Apache-2.0",
  "keywords": [
    "Cumulocity",
    "Plugin",
    "Widget"
  ],
  "contextPath": "cumulocity-asset-overview-widget",
  "key": "cumulocity-asset-overview-widget-application-key",
  "globalTitle": "Custom widget with Module Federation",
  "tabsHorizontal": true,
  "isPackage": true,
  "noAppSwitcher": true,
  "package": "plugin",
  "requiredPlatformVersion": ">=1018.0.0",
  "exports": [
    {
      "name": "Asset Overview widget plugin",
      "module": "GpAssetOverviewWidgetPluginModule",
      "path": "./widget/gp-asset-overview-widget-plugin.module.ts",
      "description": "Adds a custom widget to the shell application"
    }
  ],
  "remotes": {
    "widget-plugin": [
      "GpAssetOverviewWidgetPluginModule"
    ]
  },
  "webSdkVersion": "1018.0.151"
}